{
  "top_5": [
    {
      "name": "고용노동부",
      "url": "https://www.moel.go.kr",
      "total_avg": 4.47,
      "convenience_avg": 4.49,
      "design_avg": 4.44,
      "scores": {
        "Q1": 4.7,
        "Q2": 4.25,
        "Q3": 4.5,
        "Q4": 4.53,
        "Q5": 4.58,
        "Q6": 4.39,
        "Q7": 4.36,
        "Q8": 4.45,
        "Q9": 4.55,
        "Q10": 4.42
      },
      "age_groups": {
        "20대": {
          "total_avg": 4.53,
          "convenience_avg": 4.47,
          "design_avg": 4.62,
          "scores": {
            "Q1": 4.83,
            "Q2": 4.33,
            "Q3": 4.5,
            "Q4": 4.0,
            "Q5": 4.67,
            "Q6": 4.5,
            "Q7": 4.67,
            "Q8": 4.83,
            "Q9": 4.5,
            "Q10": 4.5
          }
        },
        "30대": {
          "total_avg": 4.67,
          "convenience_avg": 4.64,
          "design_avg": 4.71,
          "scores": {
            "Q1": 4.33,
            "Q2": 4.67,
            "Q3": 4.5,
            "Q4": 4.83,
            "Q5": 4.83,
            "Q6": 4.67,
            "Q7": 4.67,
            "Q8": 4.67,
            "Q9": 4.83,
            "Q10": 4.67
          }
        },
        "40대": {
          "total_avg": 4.57,
          "convenience_avg": 4.56,
          "design_avg": 4.58,
          "scores": {
            "Q1": 4.67,
            "Q2": 4.67,
            "Q3": 4.33,
            "Q4": 4.67,
            "Q5": 4.5,
            "Q6": 4.5,
            "Q7": 4.67,
            "Q8": 4.17,
            "Q9": 4.83,
            "Q10": 4.67
          }
        },
        "50대": {
          "total_avg": 4.4,
          "convenience_avg": 4.58,
          "design_avg": 4.12,
          "scores": {
            "Q1": 4.67,
            "Q2": 4.33,
            "Q3": 4.83,
            "Q4": 4.17,
            "Q5": 5.0,
            "Q6": 4.5,
            "Q7": 4.17,
            "Q8": 3.83,
            "Q9": 4.17,
            "Q10": 4.33
          }
        },
        "60대이상": {
          "total_avg": 4.33,
          "convenience_avg": 4.42,
          "design_avg": 4.21,
          "scores": {
            "Q1": 4.67,
            "Q2": 4.17,
            "Q3": 4.5,
            "Q4": 4.5,
            "Q5": 4.5,
            "Q6": 4.17,
            "Q7": 4.0,
            "Q8": 4.17,
            "Q9": 4.33,
            "Q10": 4.33
          }
        },
        "디지털취약계층": {
          "total_avg": 4.33,
          "convenience_avg": 4.28,
          "design_avg": 4.42,
          "scores": {
            "Q1": 5.0,
            "Q2": 3.33,
            "Q3": 4.33,
            "Q4": 5.0,
            "Q5": 4.0,
            "Q6": 4.0,
            "Q7": 4.0,
            "Q8": 5.0,
            "Q9": 4.67,
            "Q10": 4.0
          }
        }
      }
    },
    {
      "name": "대검찰청",
      "url": "https://spo.go.kr",
      "total_avg": 4.46,
      "convenience_avg": 4.44,
      "design_avg": 4.5,
      "scores": {
        "Q1": 4.7,
        "Q2": 4.47,
        "Q3": 4.36,
        "Q4": 4.42,
        "Q5": 4.36,
        "Q6": 4.33,
        "Q7": 4.47,
        "Q8": 4.55,
        "Q9": 4.53,
        "Q10": 4.44
      },
      "age_groups": {
        "20대": {
          "total_avg": 4.63,
          "convenience_avg": 4.67,
          "design_avg": 4.58,
          "scores": {
            "Q1": 5.0,
            "Q2": 4.83,
            "Q3": 4.67,
            "Q4": 4.67,
            "Q5": 4.33,
            "Q6": 4.5,
            "Q7": 4.33,
            "Q8": 4.83,
            "Q9": 4.67,
            "Q10": 4.5
          }
        },
        "30대": {
          "total_avg": 4.23,
          "convenience_avg": 4.14,
          "design_avg": 4.38,
          "scores": {
            "Q1": 4.5,
            "Q2": 4.33,
            "Q3": 4.0,
            "Q4": 4.17,
            "Q5": 3.83,
            "Q6": 4.0,
            "Q7": 4.17,
            "Q8": 4.33,
            "Q9": 4.5,
            "Q10": 4.5
          }
        },
        "40대": {
          "total_avg": 4.43,
          "convenience_avg": 4.5,
          "design_avg": 4.33,
          "scores": {
            "Q1": 4.67,
            "Q2": 4.33,
            "Q3": 4.0,
            "Q4": 5.0,
            "Q5": 4.5,
            "Q6": 4.5,
            "Q7": 4.17,
            "Q8": 4.33,
            "Q9": 4.5,
            "Q10": 4.33
          }
        },
        "50대": {
          "total_avg": 4.52,
          "convenience_avg": 4.44,
          "design_avg": 4.62,
          "scores": {
            "Q1": 4.67,
            "Q2": 4.5,
            "Q3": 4.33,
            "Q4": 4.5,
            "Q5": 4.33,
            "Q6": 4.33,
            "Q7": 4.83,
            "Q8": 4.67,
            "Q9": 4.67,
            "Q10": 4.33
          }
        },
        "60대이상": {
          "total_avg": 4.27,
          "convenience_avg": 4.22,
          "design_avg": 4.33,
          "scores": {
            "Q1": 4.33,
            "Q2": 4.17,
            "Q3": 4.5,
            "Q4": 4.17,
            "Q5": 4.17,
            "Q6": 4.0,
            "Q7": 4.33,
            "Q8": 4.5,
            "Q9": 4.17,
            "Q10": 4.33
          }
        },
        "디지털취약계층": {
          "total_avg": 4.7,
          "convenience_avg": 4.67,
          "design_avg": 4.75,
          "scores": {
            "Q1": 5.0,
            "Q2": 4.67,
            "Q3": 4.67,
            "Q4": 4.0,
            "Q5": 5.0,
            "Q6": 4.67,
            "Q7": 5.0,
            "Q8": 4.67,
            "Q9": 4.67,
            "Q10": 4.67
          }
        }
      }
    },
    {
      "name": "국방부",
      "url": "https://kookbang.dema.mil.kr",
      "total_avg": 4.45,
      "convenience_avg": 4.5,
      "design_avg": 4.38,
      "scores": {
        "Q1": 4.64,
        "Q2": 4.39,
        "Q3": 4.67,
        "Q4": 4.47,
        "Q5": 4.45,
        "Q6": 4.39,
        "Q7": 4.33,
        "Q8": 4.47,
        "Q9": 4.44,
        "Q10": 4.28
      },
      "age_groups": {
        "20대": {
          "total_avg": 4.62,
          "convenience_avg": 4.58,
          "design_avg": 4.67,
          "scores": {
            "Q1": 4.67,
            "Q2": 4.67,
            "Q3": 4.67,
            "Q4": 4.83,
            "Q5": 4.0,
            "Q6": 4.67,
            "Q7": 4.67,
            "Q8": 4.5,
            "Q9": 4.83,
            "Q10": 4.67
          }
        },
        "30대": {
          "total_avg": 4.65,
          "convenience_avg": 4.78,
          "design_avg": 4.46,
          "scores": {
            "Q1": 4.67,
            "Q2": 4.67,
            "Q3": 4.83,
            "Q4": 5.0,
            "Q5": 5.0,
            "Q6": 4.5,
            "Q7": 4.83,
            "Q8": 4.33,
            "Q9": 4.5,
            "Q10": 4.17
          }
        },
        "40대": {
          "total_avg": 4.58,
          "convenience_avg": 4.67,
          "design_avg": 4.46,
          "scores": {
            "Q1": 5.0,
            "Q2": 4.5,
            "Q3": 4.83,
            "Q4": 4.33,
            "Q5": 4.67,
            "Q6": 4.67,
            "Q7": 4.5,
            "Q8": 4.5,
            "Q9": 4.33,
            "Q10": 4.5
          }
        },
        "50대": {
          "total_avg": 4.0,
          "convenience_avg": 3.89,
          "design_avg": 4.17,
          "scores": {
            "Q1": 4.0,
            "Q2": 3.83,
            "Q3": 4.5,
            "Q4": 3.83,
            "Q5": 3.33,
            "Q6": 3.83,
            "Q7": 3.83,
            "Q8": 4.5,
            "Q9": 4.0,
            "Q10": 4.33
          }
        },
        "60대이상": {
          "total_avg": 4.36,
          "convenience_avg": 4.53,
          "design_avg": 4.12,
          "scores": {
            "Q1": 4.83,
            "Q2": 4.33,
            "Q3": 4.5,
            "Q4": 4.5,
            "Q5": 4.67,
            "Q6": 4.33,
            "Q7": 3.83,
            "Q8": 4.33,
            "Q9": 4.33,
            "Q10": 4.0
          }
        },
        "디지털취약계층": {
          "total_avg": 4.5,
          "convenience_avg": 4.55,
          "design_avg": 4.42,
          "scores": {
            "Q1": 4.67,
            "Q2": 4.33,
            "Q3": 4.67,
            "Q4": 4.33,
            "Q5": 5.0,
            "Q6": 4.33,
            "Q7": 4.33,
            "Q8": 4.67,
            "Q9": 4.67,
            "Q10": 4.0
          }
        }
      }
    },
    {
      "name": "법무부",
      "url": "https://www.kics.go.kr",
      "total_avg": 4.4,
      "convenience_avg": 4.42,
      "design_avg": 4.36,
      "scores": {
        "Q1": 4.61,
        "Q2": 4.39,
        "Q3": 4.31,
        "Q4": 4.47,
        "Q5": 4.47,
        "Q6": 4.28,
        "Q7": 4.42,
        "Q8": 4.36,
        "Q9": 4.33,
        "Q10": 4.33
      },
      "age_groups": {
        "20대": {
          "total_avg": 4.62,
          "convenience_avg": 4.61,
          "design_avg": 4.62,
          "scores": {
            "Q1": 4.83,
            "Q2": 4.67,
            "Q3": 4.17,
            "Q4": 4.33,
            "Q5": 4.83,
            "Q6": 4.83,
            "Q7": 4.83,
            "Q8": 4.5,
            "Q9": 4.5,
            "Q10": 4.67
          }
        },
        "30대": {
          "total_avg": 4.6,
          "convenience_avg": 4.58,
          "design_avg": 4.63,
          "scores": {
            "Q1": 5.0,
            "Q2": 4.5,
            "Q3": 4.5,
            "Q4": 4.83,
            "Q5": 4.33,
            "Q6": 4.33,
            "Q7": 4.5,
            "Q8": 4.67,
            "Q9": 4.67,
            "Q10": 4.67
          }
        },
        "40대": {
          "total_avg": 4.55,
          "convenience_avg": 4.55,
          "design_avg": 4.54,
          "scores": {
            "Q1": 4.83,
            "Q2": 4.5,
            "Q3": 4.5,
            "Q4": 4.67,
            "Q5": 4.33,
            "Q6": 4.5,
            "Q7": 4.5,
            "Q8": 4.67,
            "Q9": 4.5,
            "Q10": 4.5
          }
        },
        "50대": {
          "total_avg": 4.38,
          "convenience_avg": 4.42,
          "design_avg": 4.33,
          "scores": {
            "Q1": 4.5,
            "Q2": 4.17,
            "Q3": 4.5,
            "Q4": 4.33,
            "Q5": 4.83,
            "Q6": 4.17,
            "Q7": 4.33,
            "Q8": 4.67,
            "Q9": 4.0,
            "Q10": 4.33
          }
        },
        "60대이상": {
          "total_avg": 4.53,
          "convenience_avg": 4.53,
          "design_avg": 4.54,
          "scores": {
            "Q1": 4.5,
            "Q2": 4.5,
            "Q3": 4.5,
            "Q4": 4.67,
            "Q5": 4.5,
            "Q6": 4.5,
            "Q7": 4.67,
            "Q8": 4.67,
            "Q9": 4.33,
            "Q10": 4.5
          }
        },
        "디지털취약계층": {
          "total_avg": 3.7,
          "convenience_avg": 3.83,
          "design_avg": 3.5,
          "scores": {
            "Q1": 4.0,
            "Q2": 4.0,
            "Q3": 3.67,
            "Q4": 4.0,
            "Q5": 4.0,
            "Q6": 3.33,
            "Q7": 3.67,
            "Q8": 3.0,
            "Q9": 4.0,
            "Q10": 3.33
          }
        }
      }
    },
    {
      "name": "개인정보보호위원회",
      "url": "https://www.privacy.go.kr",
      "total_avg": 4.38,
      "convenience_avg": 4.37,
      "design_avg": 4.39,
      "scores": {
        "Q1": 4.58,
        "Q2": 4.08,
        "Q3": 4.5,
        "Q4": 4.25,
        "Q5": 4.47,
        "Q6": 4.33,
        "Q7": 4.45,
        "Q8": 4.45,
        "Q9": 4.42,
        "Q10": 4.25
      },
      "age_groups": {
        "20대": {
          "total_avg": 4.58,
          "convenience_avg": 4.55,
          "design_avg": 4.62,
          "scores": {
            "Q1": 4.83,
            "Q2": 4.5,
            "Q3": 4.67,
            "Q4": 4.5,
            "Q5": 4.5,
            "Q6": 4.33,
            "Q7": 4.83,
            "Q8": 4.33,
            "Q9": 4.5,
            "Q10": 4.83
          }
        },
        "30대": {
          "total_avg": 4.77,
          "convenience_avg": 4.72,
          "design_avg": 4.83,
          "scores": {
            "Q1": 5.0,
            "Q2": 4.17,
            "Q3": 4.67,
            "Q4": 4.83,
            "Q5": 4.83,
            "Q6": 4.83,
            "Q7": 4.83,
            "Q8": 4.5,
            "Q9": 5.0,
            "Q10": 5.0
          }
        },
        "40대": {
          "total_avg": 4.42,
          "convenience_avg": 4.44,
          "design_avg": 4.38,
          "scores": {
            "Q1": 5.0,
            "Q2": 4.33,
            "Q3": 4.33,
            "Q4": 4.17,
            "Q5": 4.5,
            "Q6": 4.33,
            "Q7": 4.67,
            "Q8": 4.67,
            "Q9": 4.17,
            "Q10": 4.0
          }
        },
        "50대": {
          "total_avg": 4.5,
          "convenience_avg": 4.61,
          "design_avg": 4.33,
          "scores": {
            "Q1": 4.67,
            "Q2": 4.5,
            "Q3": 4.33,
            "Q4": 4.83,
            "Q5": 5.0,
            "Q6": 4.33,
            "Q7": 4.17,
            "Q8": 4.5,
            "Q9": 4.33,
            "Q10": 4.33
          }
        },
        "60대이상": {
          "total_avg": 4.2,
          "convenience_avg": 4.28,
          "design_avg": 4.08,
          "scores": {
            "Q1": 4.67,
            "Q2": 4.0,
            "Q3": 4.67,
            "Q4": 4.17,
            "Q5": 4.0,
            "Q6": 4.17,
            "Q7": 4.17,
            "Q8": 4.0,
            "Q9": 4.17,
            "Q10": 4.0
          }
        },
        "디지털취약계층": {
          "total_avg": 3.8,
          "convenience_avg": 3.61,
          "design_avg": 4.08,
          "scores": {
            "Q1": 3.33,
            "Q2": 3.0,
            "Q3": 4.33,
            "Q4": 3.0,
            "Q5": 4.0,
            "Q6": 4.0,
            "Q7": 4.0,
            "Q8": 4.67,
            "Q9": 4.33,
            "Q10": 3.33
          }
        }
      }
    }
  ],
  "bottom_5": [
    {
      "name": "과학기술정보통신부",
      "url": "https://www.epost.go.kr",
      "total_avg": 3.98,
      "convenience_avg": 4.06,
      "design_avg": 3.88,
      "scores": {
        "Q1": 4.16,
        "Q2": 3.72,
        "Q3": 4.17,
        "Q4": 4.03,
        "Q5": 4.22,
        "Q6": 4.03,
        "Q7": 3.81,
        "Q8": 4.03,
        "Q9": 3.97,
        "Q10": 3.72
      },
      "age_groups": {
        "20대": {
          "total_avg": 3.88,
          "convenience_avg": 4.03,
          "design_avg": 3.67,
          "scores": {
            "Q1": 4.5,
            "Q2": 3.67,
            "Q3": 3.83,
            "Q4": 3.83,
            "Q5": 4.17,
            "Q6": 4.17,
            "Q7": 2.83,
            "Q8": 4.0,
            "Q9": 4.0,
            "Q10": 3.83
          }
        },
        "30대": {
          "total_avg": 4.58,
          "convenience_avg": 4.61,
          "design_avg": 4.54,
          "scores": {
            "Q1": 5.0,
            "Q2": 4.5,
            "Q3": 4.67,
            "Q4": 4.5,
            "Q5": 4.5,
            "Q6": 4.5,
            "Q7": 4.67,
            "Q8": 4.33,
            "Q9": 4.33,
            "Q10": 4.83
          }
        },
        "40대": {
          "total_avg": 3.93,
          "convenience_avg": 4.0,
          "design_avg": 3.83,
          "scores": {
            "Q1": 3.83,
            "Q2": 3.67,
            "Q3": 4.0,
            "Q4": 4.17,
            "Q5": 4.5,
            "Q6": 3.83,
            "Q7": 3.83,
            "Q8": 4.17,
            "Q9": 3.83,
            "Q10": 3.5
          }
        },
        "50대": {
          "total_avg": 3.9,
          "convenience_avg": 3.8,
          "design_avg": 4.04,
          "scores": {
            "Q1": 3.5,
            "Q2": 3.33,
            "Q3": 4.0,
            "Q4": 3.83,
            "Q5": 4.17,
            "Q6": 4.0,
            "Q7": 4.17,
            "Q8": 4.17,
            "Q9": 4.0,
            "Q10": 3.83
          }
        },
        "60대이상": {
          "total_avg": 4.08,
          "convenience_avg": 4.33,
          "design_avg": 3.71,
          "scores": {
            "Q1": 4.83,
            "Q2": 4.17,
            "Q3": 4.5,
            "Q4": 4.17,
            "Q5": 4.33,
            "Q6": 4.0,
            "Q7": 3.67,
            "Q8": 3.83,
            "Q9": 4.0,
            "Q10": 3.33
          }
        },
        "디지털취약계층": {
          "total_avg": 3.54,
          "convenience_avg": 3.56,
          "design_avg": 3.5,
          "scores": {
            "Q1": 3.33,
            "Q2": 3.0,
            "Q3": 4.0,
            "Q4": 3.67,
            "Q5": 3.67,
            "Q6": 3.67,
            "Q7": 3.67,
            "Q8": 3.67,
            "Q9": 3.67,
            "Q10": 3.0
          }
        }
      }
    },
    {
      "name": "농림축산식품부",
      "url": "https://www.enviagro.go.kr/portal/main/main.do",
      "total_avg": 3.96,
      "convenience_avg": 4.04,
      "design_avg": 3.84,
      "scores": {
        "Q1": 4.42,
        "Q2": 3.78,
        "Q3": 3.86,
        "Q4": 3.86,
        "Q5": 4.36,
        "Q6": 3.94,
        "Q7": 3.45,
        "Q8": 3.95,
        "Q9": 4.06,
        "Q10": 3.92
      },
      "age_groups": {
        "20대": {
          "total_avg": 3.87,
          "convenience_avg": 3.97,
          "design_avg": 3.71,
          "scores": {
            "Q1": 4.17,
            "Q2": 3.83,
            "Q3": 3.83,
            "Q4": 3.83,
            "Q5": 4.5,
            "Q6": 3.67,
            "Q7": 3.67,
            "Q8": 3.17,
            "Q9": 3.67,
            "Q10": 4.33
          }
        },
        "30대": {
          "total_avg": 4.28,
          "convenience_avg": 4.3,
          "design_avg": 4.25,
          "scores": {
            "Q1": 4.83,
            "Q2": 4.5,
            "Q3": 4.0,
            "Q4": 4.5,
            "Q5": 4.0,
            "Q6": 4.0,
            "Q7": 4.0,
            "Q8": 4.33,
            "Q9": 4.33,
            "Q10": 4.33
          }
        },
        "40대": {
          "total_avg": 3.9,
          "convenience_avg": 4.08,
          "design_avg": 3.62,
          "scores": {
            "Q1": 4.33,
            "Q2": 3.67,
            "Q3": 4.0,
            "Q4": 3.83,
            "Q5": 4.83,
            "Q6": 3.83,
            "Q7": 3.5,
            "Q8": 3.83,
            "Q9": 3.67,
            "Q10": 3.5
          }
        },
        "50대": {
          "total_avg": 3.75,
          "convenience_avg": 3.7,
          "design_avg": 3.83,
          "scores": {
            "Q1": 4.67,
            "Q2": 3.33,
            "Q3": 3.5,
            "Q4": 3.67,
            "Q5": 3.17,
            "Q6": 3.83,
            "Q7": 3.17,
            "Q8": 4.17,
            "Q9": 4.17,
            "Q10": 3.83
          }
        },
        "60대이상": {
          "total_avg": 3.72,
          "convenience_avg": 3.89,
          "design_avg": 3.46,
          "scores": {
            "Q1": 3.83,
            "Q2": 3.0,
            "Q3": 3.83,
            "Q4": 4.0,
            "Q5": 4.67,
            "Q6": 4.0,
            "Q7": 2.67,
            "Q8": 3.5,
            "Q9": 4.17,
            "Q10": 3.5
          }
        },
        "디지털취약계층": {
          "total_avg": 4.23,
          "convenience_avg": 4.28,
          "design_avg": 4.17,
          "scores": {
            "Q1": 4.67,
            "Q2": 4.33,
            "Q3": 4.0,
            "Q4": 3.33,
            "Q5": 5.0,
            "Q6": 4.33,
            "Q7": 3.67,
            "Q8": 4.67,
            "Q9": 4.33,
            "Q10": 4.0
          }
        }
      }
    },
    {
      "name": "통일부",
      "url": "https://www.unikorea.go.kr",
      "total_avg": 3.96,
      "convenience_avg": 4.0,
      "design_avg": 3.89,
      "scores": {
        "Q1": 4.3,
        "Q2": 3.78,
        "Q3": 3.78,
        "Q4": 3.97,
        "Q5": 4.28,
        "Q6": 3.92,
        "Q7": 3.78,
        "Q8": 3.83,
        "Q9": 4.08,
        "Q10": 3.86
      },
      "age_groups": {
        "20대": {
          "total_avg": 4.35,
          "convenience_avg": 4.36,
          "design_avg": 4.33,
          "scores": {
            "Q1": 4.67,
            "Q2": 4.17,
            "Q3": 4.17,
            "Q4": 4.0,
            "Q5": 4.5,
            "Q6": 4.67,
            "Q7": 4.5,
            "Q8": 4.17,
            "Q9": 4.5,
            "Q10": 4.17
          }
        },
        "30대": {
          "total_avg": 3.53,
          "convenience_avg": 3.72,
          "design_avg": 3.25,
          "scores": {
            "Q1": 4.33,
            "Q2": 3.5,
            "Q3": 3.67,
            "Q4": 3.33,
            "Q5": 4.0,
            "Q6": 3.5,
            "Q7": 3.0,
            "Q8": 3.5,
            "Q9": 3.5,
            "Q10": 3.0
          }
        },
        "40대": {
          "total_avg": 4.05,
          "convenience_avg": 4.22,
          "design_avg": 3.79,
          "scores": {
            "Q1": 4.5,
            "Q2": 4.0,
            "Q3": 4.17,
            "Q4": 4.17,
            "Q5": 4.33,
            "Q6": 4.17,
            "Q7": 3.83,
            "Q8": 3.33,
            "Q9": 4.0,
            "Q10": 4.0
          }
        },
        "50대": {
          "total_avg": 4.03,
          "convenience_avg": 4.0,
          "design_avg": 4.08,
          "scores": {
            "Q1": 4.33,
            "Q2": 4.0,
            "Q3": 3.5,
            "Q4": 4.17,
            "Q5": 4.67,
            "Q6": 3.33,
            "Q7": 4.0,
            "Q8": 4.5,
            "Q9": 4.0,
            "Q10": 3.83
          }
        },
        "60대이상": {
          "total_avg": 4.02,
          "convenience_avg": 4.0,
          "design_avg": 4.04,
          "scores": {
            "Q1": 4.33,
            "Q2": 4.0,
            "Q3": 3.5,
            "Q4": 4.5,
            "Q5": 3.83,
            "Q6": 3.83,
            "Q7": 4.0,
            "Q8": 3.83,
            "Q9": 4.17,
            "Q10": 4.17
          }
        },
        "디지털취약계층": {
          "total_avg": 3.77,
          "convenience_avg": 3.72,
          "design_avg": 3.83,
          "scores": {
            "Q1": 3.67,
            "Q2": 3.0,
            "Q3": 3.67,
            "Q4": 3.67,
            "Q5": 4.33,
            "Q6": 4.0,
            "Q7": 3.33,
            "Q8": 3.67,
            "Q9": 4.33,
            "Q10": 4.0
          }
        }
      }
    },
    {
      "name": "금융위원회",
      "url": "https://www.fsc.go.kr",
      "total_avg": 3.91,
      "convenience_avg": 3.77,
      "design_avg": 4.11,
      "scores": {
        "Q1": 3.92,
        "Q2": 3.64,
        "Q3": 3.64,
        "Q4": 3.64,
        "Q5": 3.92,
        "Q6": 3.86,
        "Q7": 4.03,
        "Q8": 4.14,
        "Q9": 4.05,
        "Q10": 4.22
      },
      "age_groups": {
        "20대": {
          "total_avg": 4.12,
          "convenience_avg": 4.14,
          "design_avg": 4.08,
          "scores": {
            "Q1": 4.67,
            "Q2": 4.17,
            "Q3": 3.67,
            "Q4": 3.83,
            "Q5": 4.5,
            "Q6": 4.0,
            "Q7": 3.83,
            "Q8": 4.17,
            "Q9": 4.5,
            "Q10": 3.83
          }
        },
        "30대": {
          "total_avg": 4.62,
          "convenience_avg": 4.58,
          "design_avg": 4.67,
          "scores": {
            "Q1": 4.5,
            "Q2": 4.5,
            "Q3": 4.67,
            "Q4": 4.83,
            "Q5": 4.17,
            "Q6": 4.83,
            "Q7": 4.67,
            "Q8": 4.5,
            "Q9": 4.67,
            "Q10": 4.83
          }
        },
        "40대": {
          "total_avg": 4.1,
          "convenience_avg": 3.92,
          "design_avg": 4.37,
          "scores": {
            "Q1": 4.33,
            "Q2": 3.33,
            "Q3": 3.67,
            "Q4": 3.5,
            "Q5": 4.5,
            "Q6": 4.17,
            "Q7": 4.33,
            "Q8": 4.33,
            "Q9": 4.33,
            "Q10": 4.5
          }
        },
        "50대": {
          "total_avg": 4.12,
          "convenience_avg": 3.97,
          "design_avg": 4.33,
          "scores": {
            "Q1": 3.5,
            "Q2": 4.17,
            "Q3": 4.17,
            "Q4": 4.0,
            "Q5": 4.0,
            "Q6": 4.0,
            "Q7": 4.67,
            "Q8": 4.33,
            "Q9": 3.83,
            "Q10": 4.5
          }
        },
        "60대이상": {
          "total_avg": 4.42,
          "convenience_avg": 4.33,
          "design_avg": 4.54,
          "scores": {
            "Q1": 4.17,
            "Q2": 4.67,
            "Q3": 4.33,
            "Q4": 4.67,
            "Q5": 4.0,
            "Q6": 4.17,
            "Q7": 4.33,
            "Q8": 4.5,
            "Q9": 4.67,
            "Q10": 4.67
          }
        },
        "디지털취약계층": {
          "total_avg": 2.06,
          "convenience_avg": 1.67,
          "design_avg": 2.67,
          "scores": {
            "Q1": 2.33,
            "Q2": 1.0,
            "Q3": 1.33,
            "Q4": 1.0,
            "Q5": 2.33,
            "Q6": 2.0,
            "Q7": 2.33,
            "Q8": 3.0,
            "Q9": 2.33,
            "Q10": 3.0
          }
        }
      }
    },
    {
      "name": "병무청",
      "url": "https://mwpt.mma.go.kr",
      "total_avg": 3.83,
      "convenience_avg": 3.94,
      "design_avg": 3.68,
      "scores": {
        "Q1": 4.05,
        "Q2": 3.64,
        "Q3": 3.78,
        "Q4": 3.89,
        "Q5": 4.25,
        "Q6": 4.0,
        "Q7": 3.45,
        "Q8": 3.8,
        "Q9": 3.83,
        "Q10": 3.64
      },
      "age_groups": {
        "20대": {
          "total_avg": 3.95,
          "convenience_avg": 3.92,
          "design_avg": 4.0,
          "scores": {
            "Q1": 3.33,
            "Q2": 3.67,
            "Q3": 4.17,
            "Q4": 3.33,
            "Q5": 4.67,
            "Q6": 4.33,
            "Q7": 3.67,
            "Q8": 4.33,
            "Q9": 3.83,
            "Q10": 4.17
          }
        },
        "30대": {
          "total_avg": 4.08,
          "convenience_avg": 4.22,
          "design_avg": 3.88,
          "scores": {
            "Q1": 4.5,
            "Q2": 3.67,
            "Q3": 4.33,
            "Q4": 4.5,
            "Q5": 4.17,
            "Q6": 4.17,
            "Q7": 3.67,
            "Q8": 4.0,
            "Q9": 4.0,
            "Q10": 3.83
          }
        },
        "40대": {
          "total_avg": 3.58,
          "convenience_avg": 3.53,
          "design_avg": 3.67,
          "scores": {
            "Q1": 4.0,
            "Q2": 3.33,
            "Q3": 2.83,
            "Q4": 3.5,
            "Q5": 4.0,
            "Q6": 3.5,
            "Q7": 3.33,
            "Q8": 3.83,
            "Q9": 3.83,
            "Q10": 3.67
          }
        },
        "50대": {
          "total_avg": 3.48,
          "convenience_avg": 3.61,
          "design_avg": 3.29,
          "scores": {
            "Q1": 3.67,
            "Q2": 3.17,
            "Q3": 3.33,
            "Q4": 3.5,
            "Q5": 4.5,
            "Q6": 3.5,
            "Q7": 3.33,
            "Q8": 3.33,
            "Q9": 3.17,
            "Q10": 3.33
          }
        },
        "60대이상": {
          "total_avg": 4.27,
          "convenience_avg": 4.44,
          "design_avg": 4.0,
          "scores": {
            "Q1": 4.5,
            "Q2": 4.33,
            "Q3": 4.33,
            "Q4": 4.5,
            "Q5": 4.5,
            "Q6": 4.5,
            "Q7": 4.0,
            "Q8": 4.0,
            "Q9": 4.17,
            "Q10": 3.83
          }
        },
        "디지털취약계층": {
          "total_avg": 3.63,
          "convenience_avg": 3.89,
          "design_avg": 3.25,
          "scores": {
            "Q1": 4.33,
            "Q2": 3.67,
            "Q3": 3.67,
            "Q4": 4.0,
            "Q5": 3.67,
            "Q6": 4.0,
            "Q7": 2.67,
            "Q8": 3.33,
            "Q9": 4.0,
            "Q10": 3.0
          }
        }
      }
    }
  ]
}